<beans xmlns="http://www.springframework.org/schema/beans"
	xmlns:context="http://www.springframework.org/schema/context" xmlns:p="http://www.springframework.org/schema/p"
	xmlns:aop="http://www.springframework.org/schema/aop" xmlns:tx="http://www.springframework.org/schema/tx"
	xmlns:xsi="http://www.w3.org/2001/XMLSchema-instance"
	xsi:schemaLocation="http://www.springframework.org/schema/beans http://www.springframework.org/schema/beans/spring-beans-4.0.xsd
	http://www.springframework.org/schema/context http://www.springframework.org/schema/context/spring-context-4.0.xsd
	http://www.springframework.org/schema/aop http://www.springframework.org/schema/aop/spring-aop-4.0.xsd http://www.springframework.org/schema/tx http://www.springframework.org/schema/tx/spring-tx-4.0.xsd
	http://www.springframework.org/schema/util http://www.springframework.org/schema/util/spring-util-4.0.xsd">

	<bean id="httpSolrServer" class="org.apache.solr.client.solrj.impl.HttpSolrServer">
		<constructor-arg index="0" value="${SOLR.URL}"/>
		<!-- 设置响应解析器，solrj没有提供json解析器，所以通常用xml解析器 -->
		<property name="parser">
			<bean class="org.apache.solr.client.solrj.impl.XMLResponseParser"/>
		</property>
		<!-- 设置重试次数，推荐设置为1 -->
		<property name="maxRetries" value="1"/>
		<!-- 建立连接的最长时间 ,单位是：毫秒-->
		<property name="connectionTimeout" value="500"/>
	</bean>
	
</beans>
