<?xml version="1.0" encoding="UTF-8"?>
<beans xmlns="http://www.springframework.org/schema/beans"
	xmlns:xsi="http://www.w3.org/2001/XMLSchema-instance"
	xmlns:context="http://www.springframework.org/schema/context"
	xmlns:mvc="http://www.springframework.org/schema/mvc"
	xsi:schemaLocation="
		http://www.springframework.org/schema/beans 
		http://www.springframework.org/schema/beans/spring-beans.xsd
        http://www.springframework.org/schema/mvc 
        http://www.springframework.org/schema/mvc/spring-mvc-4.0.xsd
        http://www.springframework.org/schema/context 
        http://www.springframework.org/schema/context/spring-context.xsd">
	
	<!--1.开启mvc注解形式  -->
	<mvc:annotation-driven/>
	
	<!--2.配置内部资源视图解析器,配置前缀和后缀
		注意:配置前缀是切记添加"/" 否则将来转向存在问题
	  -->
	<bean id="viewResolver" class="org.springframework.web.servlet.view.InternalResourceViewResolver">
		<!--set方法注入  -->
		<property name="prefix" value="/WEB-INF/views/"/>
		<property name="suffix" value=".jsp"/>
	</bean>
	
	<!--3.配置文件上传视图解析器 
		1.id必须固定:multipartResolver.
		2.设定文件长传的参数
			2.1设定文件上传的最大值  10M
			2.2设定字符集编码
	 -->
	<bean id="multipartResolver" class="org.springframework.web.multipart.commons.CommonsMultipartResolver">
		<property name="maxUploadSize" value="10485760"/>
		<property name="defaultEncoding" value="UTF-8"/>
	</bean>
	
	<!--4.放行静态资源文件  -->
	<mvc:default-servlet-handler/>
	
	
	<!--5.配置拦截器  先写拦截路径 之后加bean/ref标签-->
	<mvc:interceptors>
		<mvc:interceptor>
			<mvc:mapping path="/cart/**"/>
			<mvc:mapping path="/order/**"/>
			<bean class="com.jt.web.interceptor.WebInterceptor"/>
		</mvc:interceptor>
	</mvc:interceptors>
	
	
	
	
	
	
	
	
</beans>