<beans xmlns="http://www.springframework.org/schema/beans"
	xmlns:context="http://www.springframework.org/schema/context"
	xmlns:aop="http://www.springframework.org/schema/aop" 
	xmlns:tx="http://www.springframework.org/schema/tx"
	xmlns:util="http://www.springframework.org/schema/util"
	xmlns:xsi="http://www.w3.org/2001/XMLSchema-instance"
	xsi:schemaLocation="
	http://www.springframework.org/schema/beans http://www.springframework.org/schema/beans/spring-beans-4.0.xsd
	http://www.springframework.org/schema/context http://www.springframework.org/schema/context/spring-context-4.0.xsd
	http://www.springframework.org/schema/aop http://www.springframework.org/schema/aop/spring-aop-4.0.xsd 
	http://www.springframework.org/schema/tx http://www.springframework.org/schema/tx/spring-tx-4.0.xsd
	http://www.springframework.org/schema/util http://www.springframework.org/schema/util/spring-util-4.0.xsd">
	
	<!--实现spring管理分片的操作  -->
	<!--1.定义连接池的大小  -->
	<bean id="poolConfig" class="redis.clients.jedis.JedisPoolConfig">
		<property name="maxTotal" value="${redis.maxTotal}"/>
		<property name="maxIdle" value="${redis.maxIdle}"/>
	</bean>
	
	<!--2.创建多个redis节点信息  -->
	<bean id="jedisShardA" class="redis.clients.jedis.JedisShardInfo">
		<constructor-arg index="0" value="${redis.host1}"/>
		<constructor-arg index="1" value="${redis.port1}" type="int"/>
	</bean>
	
	<bean id="jedisShardB" class="redis.clients.jedis.JedisShardInfo">
		<constructor-arg index="0" value="${redis.host2}"/>
		<constructor-arg index="1" value="${redis.port2}" type="int"/>
	</bean>
	
	<bean id="jedisShardC" class="redis.clients.jedis.JedisShardInfo">
		<constructor-arg index="0" value="${redis.host3}"/>
		<constructor-arg index="1" value="${redis.port3}" type="int"/>
	</bean>

	
	<!--3.创建分片的连接池对象  -->
	<bean id="shardedJedisPool" class="redis.clients.jedis.ShardedJedisPool">
		<constructor-arg index="0" ref="poolConfig"/>
		<constructor-arg index="1">
			<list>
				<ref bean="jedisShardA"/>
				<ref bean="jedisShardB"/>
				<ref bean="jedisShardC"/>
			</list>
		</constructor-arg>
	</bean>
</beans>