<beans xmlns="http://www.springframework.org/schema/beans"
	xmlns:context="http://www.springframework.org/schema/context"
	xmlns:aop="http://www.springframework.org/schema/aop" 
	xmlns:tx="http://www.springframework.org/schema/tx"
	xmlns:util="http://www.springframework.org/schema/util"
	xmlns:xsi="http://www.w3.org/2001/XMLSchema-instance"
	xsi:schemaLocation="
	http://www.springframework.org/schema/beans http://www.springframework.org/schema/beans/spring-beans-4.0.xsd
	http://www.springframework.org/schema/context http://www.springframework.org/schema/context/spring-context-4.0.xsd
	http://www.springframework.org/schema/aop http://www.springframework.org/schema/aop/spring-aop-4.0.xsd 
	http://www.springframework.org/schema/tx http://www.springframework.org/schema/tx/spring-tx-4.0.xsd
	http://www.springframework.org/schema/util http://www.springframework.org/schema/util/spring-util-4.0.xsd">
	
	<!--配置哨兵  -->
	<bean id="jedisSentinelPool" class="redis.clients.jedis.JedisSentinelPool">
		<constructor-arg index="0" value="${redis.sentinel.masterName}"/>
		<constructor-arg index="1">
			<set>
				<value>${redis.sentinel.numA}</value>
				<value>${redis.sentinel.numB}</value>
				<value>${redis.sentinel.numC}</value>
			</set>
		</constructor-arg>
	</bean>
</beans>