<beans xmlns="http://www.springframework.org/schema/beans"
	xmlns:context="http://www.springframework.org/schema/context"
	xmlns:aop="http://www.springframework.org/schema/aop" 
	xmlns:tx="http://www.springframework.org/schema/tx"
	xmlns:util="http://www.springframework.org/schema/util"
	xmlns:xsi="http://www.w3.org/2001/XMLSchema-instance"
	xsi:schemaLocation="
	http://www.springframework.org/schema/beans http://www.springframework.org/schema/beans/spring-beans-4.0.xsd
	http://www.springframework.org/schema/context http://www.springframework.org/schema/context/spring-context-4.0.xsd
	http://www.springframework.org/schema/aop http://www.springframework.org/schema/aop/spring-aop-4.0.xsd 
	http://www.springframework.org/schema/tx http://www.springframework.org/schema/tx/spring-tx-4.0.xsd
	http://www.springframework.org/schema/util http://www.springframework.org/schema/util/spring-util-4.0.xsd">
	
	<!--Spring整合mybatis
		整合步骤:
			1.spring管理sqlSessionFactoryBean
			2.配置数据源
			3.添加核心配置文件
			4.添加映射文件
			5.配置别名包
			6.为mapper接口生成代理对象(JDK代理)
	  -->
	<bean id="sqlSessionFactoryBean" class="org.mybatis.spring.SqlSessionFactoryBean">
		<!--配置数据源  -->
		<property name="dataSource" ref="dataSource"/>
		
		<!--添加mybatis核心配置文件  -->
		<property name="configLocation" 
		value="classpath:/mybatis/mybatis-config.xml"/>
		
		<!--添加映射文件  -->
		<property name="mapperLocations" 
		value="classpath:/mybatis/mappers/*.xml"/>
		
		<!--导入别名包  -->
		<property name="typeAliasesPackage" 
		value="com.jt.cart.pojo"/>
	</bean>
	
	<!--为mapper生成代理对象  -->
	<bean class="org.mybatis.spring.mapper.MapperScannerConfigurer">
		<property name="basePackage" value="com.jt.cart.mapper"/>
	</bean>
</beans>






