<?xml version="1.0" encoding="UTF-8"?>
<beans xmlns="http://www.springframework.org/schema/beans"
	xmlns:xsi="http://www.w3.org/2001/XMLSchema-instance" xmlns:rabbit="http://www.springframework.org/schema/rabbit"
	xsi:schemaLocation="http://www.springframework.org/schema/rabbit
	http://www.springframework.org/schema/rabbit/spring-rabbit-1.4.xsd
	http://www.springframework.org/schema/beans
	http://www.springframework.org/schema/beans/spring-beans-4.1.xsd">

	<!-- 定义RabbitMQ的连接工厂 -->
	<rabbit:connection-factory id="connectionFactory"
		host="${rabbit.ip}" port="${rabbit.port}" username="${rabbit.username}" password="${rabbit.password}"
		virtual-host="${rabbit.vhost}" />

	<!-- 定义Rabbit模板，指定连接工厂以及定义exchange -->
	<rabbit:template id="amqpTemplate" connection-factory="connectionFactory"
		exchange="orderExchange" />
		

	<!-- MQ的管理，包括队列、交换器等 -->
	<rabbit:admin connection-factory="connectionFactory" />

	<!-- 定义交换器，自动声明,durable持久化 -->
	<rabbit:direct-exchange name="orderExchange" auto-declare="true" durable="true">
	</rabbit:direct-exchange>

	
	<!-- <rabbit:fanout-exchange name=""></rabbit:fanout-exchange>

	<rabbit:topic-exchange name=""></rabbit:topic-exchange>
 -->





</beans>
